0k,636
1f,355
1h,364
1o,449
1x1,576
2wdscroll,185
2x2,313
3x3,289
51superapi,9748
5x5,269
7x7,268
9n,272
9s,558
9x9,299
@aaquibbot/index,122
@ali-zaidi-arrivy/arrivy-live-track-widgets,672
@axie-taxi/core,1938
@bastion/tesseract,3780
@berto3231/hubert-index,1190
@bionicmetrics/bionic,1134
@chobite/cache,6272
@chobite/event,6373
@chobite/typeorm,6455
@chobite/validate,6894
@codedungeon/gunner,5974
@codign321/requirefromurl,152
@elaraai/edk,2176
@elaraai/edk-io,1868
@ezviz/ezm-cli-helper,279
@ezviz/mini-sdk,360
@ezviz/pvt-ezm-cli-helper,313
@ezviz/rncore,137
@ezviz/ys-rn-pub-mini,486
@finsemble/finsemble-api,9738
@finsemble/finsemble-core,34150
@ganchrowsci/gs-sdk,392
@googledrive/index-hh-com-static,909
@i3yun/viewer.tilemaps,846
@kb-ps1/kb-ps-lib,799
@kontikijs/client,726
@kontikijs/kontiki,231
@kontikijs/shared-utils,684
@kontikijs/socket,574
@kontikijs/ui,122
@ledvance/eziot-rn-pub,122
@maazore/maazore-recorder,163
@maka/maka-cli,37237
@mapgear/geoapps-cli,2874
@meecode/ng112-reg-js,1378
@mmcweb/mmc-ui-react,96
@northflank/cli,4563
@olivi3r/apigeon,2230
@openfabric/merchant-sdk,13975
@outsmartly/babel-plugin-outsmartly-react,986
@paulocesarmsf/sentinela_client_js,1340
@pearmiracle/xy-signature,110
@phaticusthiccy/open-apis,9919
@plaindevelopment/sharkyhandler,112
@ppoliani/common,462
@ppoliani/eth-bsc,1723
@ppoliani/event-listener,1097
@ppoliani/logger,913
@psdhub/helpers,1467
@ravindu01manoj/sew-queen-web,236
@revotechuet/misc-component-vue,1751
@salesforce/soql-builder-ui,37606
@salesforce/soql-common,70201
@samknows/web-sdk,28021
@sencha/sencha-grid,2135
@sideex/runner,2403
@sideex/webservice,930
@smarterlabs/polymorph,1281
@starshipjs/cicd,442
@starshipjs/cli,622
@stormstreaming/stormlibrary,984
@stormstreaming/stormplayer,654
@stormstreaming/stormplayer-react,376
@supermap/s3mtileslayer,98
@things-factory/operato-license-checker,3397
@userwatch/web,13463
@vectorly-io/ai-upscaler-plugin,99
@zedeid-sdk/sd-vc-lib,198
@zedeid-sdk/zedeid-did-siop-lib,379
@ztjy/antd-vue-admin,400
aaquibbots,81
aaquibub,83
abin,175
accor,271
adzone,17848
adzonem,16807
aiai,197
aine,168
aini,199
ajmanpck,2359
alin,169
andi,184
androier.js,591
anos.js,220
aoi.js-light,0
api-discord-v11-tool,84
api-flowlist,393
api-growtopia,457
aquabot,754
asi,178
awsl,177
bade,133
bajekek-test,592
bani,126
base_role,539
bd-utils-public-stripped,438
better-iseven,68
bika,134
bine,138
bing-trust-tokens,239
bobi,155
btutilslib,1770
bude,131
cdnysf,139
chatdev.js,336
check-path,1008
chinjow.js-termux,66
chobite,9412
chomar-device-fingerprinting,213
class-room-miner,90
coded-by-ravindu-manoj,132
cofyview-utils,63
commonjs-set,859
commonjs-set2,134
community-check-digit-validator,179
cookie-session-json,95
create-app-web,247
create-s-gene-app,115
cx-builder,7870
dai,171
dake,121
daniutils,63
datbpzjvws,0
dbd.js,7172
dbd.js-lite,286
devi-reactjs,79
dian,145
dini,137
discord-antiflag,57
discord-dashboard,63460
discord-nuker,181
discord-responses,711
discord-web-dashboard,1608
discord.easier,664
discordjs-js,84
ds-client-js,353
dub_ins_genie,1745
dub_ins_p_ic,180
dubins_iframeembed,488
duckadadasd,318
dugoly-shared-advertising,142
dugoly-tracking,83
efly-ui,75
efly-ui-encrypt,1368
embeddedtradebot,350
emoji-to-png-sew,1388
eni,151
epic-ue-fonts,115
erisai.js,184
ethanutils,225
evexi,2533
exicube-cli,15673
exl2jsonz,0
fabi,108
fada,113
fafa,145
falljs,59
fancy-amdi-sew-pre,81
fancy-sew-amdi,128
fani,140
farmutil,770
fastify-serve-cli,569
fca-horizon-remake,5959
flsafety,134
flyinn,273
flyppy-bot,75
form-submit-vld,376
fullstack-tester,186
fune,124
fusiongrid,1446
futa,136
fxd-scrape,74
fxpmzkxstt,0
gdrivemaxin,55
glan,118
global-utilities-npm,104
groot-chat,235
guidechimp,12560
harvey-language,8308
hate,134
hoho,118
hold-hello-word,418
hold-hello-world,277
hooli-checkout,2144
hooli-pay-checkout,379
html-pdf-see,68
hublodysee,72
iconlite,54
imagemin-z,0
imagepacker,912
isi,165
ixora,4472
jarvismirror,81
jetsum_dhtmlx_gantt,88
jsafer,217
justhanz-plugin,7076
kade,110
kaviyaah1,0
keni,130
killingit,1130
klan,113
klp-ekyc-sdk,719
kru,137
ksbridge,75
lightrun,231647
lllbmbclsi,0
lottie-reactjs,68
lottlazybabel,58
luan,126
luesscript,127
maazore-recorder,72
mayangdrive,62
mdt-proxy,158
metaverses,236
mlwgycqisx,0
molpay-mobile-xdk-cordova,2308
molpay-mobile-xdk-reactnative-beta,6532
moment-lazy,59
momentsjs,529
mon_num,1481
mrnndputqc,0
muke,120
muli,142
multispinners,295
natron-api,244
nc-cli,152
nc-lib,157
ncghpuuwdw,0
neap-core2,4390
ng-encrypt,18
ng-encryptjsfile,67
ng-script,63
nini,144
node-red-contrib-etter,221
node-red-contrib-gocloud,182
npm-common-lib-for-firebase,5358
npm-longttl-12,201
npm-longttl-123,425
npm-zeleph-selfbot,84
nuda,120
nuni,105
omega-cms-businesslogic,4192
opin,123
oseg,368
osen,107
ostrich-event-scraper,221
ozi,138
pabi,138
pabo,116
padi,103
pani,138
pasa,117
pcpos-parsian,224
phub-dl,152
piao,118
pix-apidata,741
plastiq-connect,73
pluspagos-aes-encryption,9891
plutobytenode,160
project-pegasus,0
project-vector,0
psp-crypto,56
psyseg-js-sdk,209
pushmebyx,267
qe-cli,4424
qian,110
queen-natsumi-npm,2198
queenamdi-pre,1442
queenamdi-public,963
queenjesi-npm,325
raganork-bot,62298
react-pixel-streaming,191
reload-update-cookies-ahref.com,27
relopie,90
rffchggias,0
risa,366
ruke,105
rydrive-index,56
sali,116
sari,112
scan-code-gun,100
secret-sharing.js,457
semo-cli,0
seni,125
sequelize-api-paginate,1513
seta,117
sew-queen-pro,1703
sew-queen-ultra,64
sew-queen-web-update,255
sgrzjqnhfk,0
shuttle-generator,221
sken,109
slan,135
small-amongus-server,99
sman,138
snd-lib,7211
southgisui,7778
spen,104
sproto_l2j,0
stacklog-io,158
star-database-manager,0
superapi-51aes,777
superchats,9072
superchats-md,1903
superchats-normal,794
svg-text-to-vector,4594
tabi,139
table-custom,294
tadi,108
takio,0
teri,115
terminador,194
test-pls,28
textsewmake,181
tike,136
udan,105
udi,146
ufxwsgjgev,0
unreal-engine,180
unreal-engine-pixel-streaming,172
unrealos,170
uou,131
upload2ossz,0
usi,149
usrnk,202
variant-form-designer-fan,283
vasyabot,116
vcodez,876
version11-tool-discord,64
vh-component,344
vote-sign,231
vou,135
vue-bridge-gateway,4393
vue-media-utility,836
w5-textmaker,3007
wada,116
warply,209
web-page-secure,106
webpack-plugin-pages,908
whatsalexa-modules,0
wlfqlefvqf,0
wuda,139
wuli,130
wx-form-validate,85
wx-transition,237
xc-cli-ts,633
xc-lib,2761
xcube,2025
xfhr-ring-hdh,87
xnxx-dl-wa,513
yabi,126
yani,148
yeng,111
yeye,110
yine,115
yose,125
yzhcesium,3880
zation-client,7458
zation-server,10614
zero-falhas-vilao,17
zha,115
